"doc_id","text","blue_sense_margin"
"17588871","there're some adjectives like hairy and happy and sad and blue",0.32632739244968
"1874322","who's sad and blue",0.326014468887166
"2151231","he was feeling sad and blue until he met the number two",0.238509360785576
"1246652","well as i was driving down the road i was dr here driving down this road on blue hill and the wind blew so hard that my car was almost lifted off the ground by the wind",0.178637320033731
"1037144","xxx doing today blue",0.162931824629259
"576976","right this is a book of feeling blue and",0.139046504979362
"1260043","look cried a small blue eyed girl there's the orange kitten miss prissy brought from the pet shop last week",0.1254520472906
"17291276","bye blue",0.101129035184433
"325238","blue boat",0.0987322267829295
"17402033","xxx let's find the blue",0.0919761669232322
"499582","wanna xxx blue",0.0914052849585948
"1740382","the blue went down",0.0855759962782585
"1040655","xxx got enough blue there katie",0.0833782443153773
"1724936","down goes the blue one",0.0833213354718818
"17388964","blue's a doggie",0.0790649789121354
"2012656","just sort of out_of the blue so he had obviously remembered what he had said yesterday",0.0775649802620219
"669881","gabriella's taking a little bit blue she sings and she eats",0.0761288614868434
"17665068","xxx blue christmas",0.0760066106779769
"577638","do you think it has something do with feeling blue",0.0755100244175688
"17296882","xxx this one the blue",0.0748999001218917
"1772390","you fell down on the blue one",0.0742983814547757
"927295","where's the blue one buddy",0.0715597576358523
"929464","where's the blue one buddy",0.0715597576358523
"17272472","let's get xxx good blue",0.0706023629555014
"1592523","blue gone eat it",0.0684425785578457
"17364376","my xxx blanket that's blue and plays peek a boo",0.065517705868132
"579500","xxx it's a good thing i got red i don't wanna get blue",0.0649579640869705
"671101","m blue berry pie",0.0633782910970873
"726330","he was beginning to feel all sort of blue and squishy inside",0.0615843245712259
"17382019","i see i've got blue play_doh stuck on me",0.0604433495894134
"1407626","blue and where's it going",0.0580307285570952
"17487681","there you go guys said brenda blue your water tanks are filled to the brim",0.0569578761647594
"883564","it turned blue it hurt so much",0.0568084732334093
"17642309","blue's friends",0.0560297990543082
"1625497","let me sit on the red blue chair",0.0534820803848822
"17375132","you wanna blue one okay",0.0522390717221378
"17380046","xxx blue goes to school",0.0521569214290167
"1402851","go blue go blue",0.0511637918846742
"17579508","compared to blue hill",0.0511391423258242
"818957","your phone's the blue one",0.049997192830055
"17169471","well the blue one xxx",0.0499481712930274
"17536352","xxx underneath the crib and see if there are any balls oh there's a big ball but not the blue ball",0.0487219127566453
"17306107","go find the other half to the blue",0.0457270519081932
"1321857","can you slide at b blue hills",0.0456484874900358
"1774486","why don't you ride your other blue one",0.0448031419812053
"1146666","xxx you want the blue one",0.0437123698713832
"1874672","xxx blue baby",0.0406309243653243
"17414881","boolet is a hugable bunny her big bow is blue",0.0399406411358758
"17374899","my blanket that's blue and plays",0.0386292405967614
"17304136","xxx right now i'm coming i'm gonna get i got the blue",0.0377585276154627
"1577814","hello blue and",0.0372994069752761
"1853248","go find a blue one",0.0364597781025969
"17642153","what do you have all over you that's blue",0.0346356056243063
"2240347","uhoh there goes the blue",0.0345563427263035
"17487808","back at terrytown airport brenda blue filled up their gas tanks",0.0341710066864829
"545638","xxx there's a blue one under",0.0340490072781811
"1518485","in the deep sea blue deep deep blue sea",0.0335809671091731
"17298019","okay give mommy some blue",0.0296930922718454
"1774282","get your other blue one if you must sit on one",0.0292032712162007
"2325187","blue street",0.0288830026546587
"17328991","very good a blueberry is blue",0.0277909608104007
"2389975","i told xxx to save the dark blue",0.0269009330028898
"1609189","you're blue here and here and here and",0.0265415468136499
"1895487","oh blue cake huh",0.0265356125854044
"1495880","yay go blue right",0.0262055522525386
"17487840","boy that brenda blue sure is a big help said snuffy",0.0259025838445588
"17348187","the blue box",0.0249033355572251
"17348203","the blue box",0.0249033355572251
"17402509","you want blue for your potty chart",0.0244402282488144
"1409690","blue xxx the seat",0.024237113022643
"2151247","big blue two",0.0228607782431732
"626619","don't look now your hair is blue",0.0228560725713657
"626591","don't look now your hair is blue",0.0228560281187912
"745671","and this one here the blue one",0.0222488308700889
"17270170","i have your blue",0.0216491457298213
"1925828","well what do ya keep saying blue for",0.0212288726212213
"1933901","the last blue one",0.0211920827545321
"17362562","you are blue alright",0.0210808011298735
"793450","blue and xxx",0.0210108268250679
"1577820","blue and xxx",0.0210108268250679
"1077151","i want i want blue",0.0206536894913376
"642758","take the blue",0.0203555628211486
"642782","take the blue",0.0203555400695029
"1109533","we were about to find out what the name of the little bells flower is xxx a man going by me says xxx blue bells",0.02020969843581
"17274403","now find now find someone wearing blue",0.0195326197274036
"2543979","what's blue's friends' name",0.0190002402369874
"2134829","find another blue one",0.0188197424081801
"17488477","as snuffy and jay jay flew back to terrytown airport they got all wet but they knew when they arrived brenda blue would be waiting with a dry towel",0.0183346920154495
"17373258","woo very nice blue",0.0182880271299955
"1776495","okay the blue one here",0.0175459242299165
"1160106","well there ain't no blue one",0.0173427362677478
"1018745","let's put this blue one in here okay",0.0171466847160224
"548210","xxx blue",0.0170394514215946
"642840","xxx blue",0.0170394514215946
"1945991","xxx blue",0.0170394514215946
"2378843","xxx blue",0.0170394514215946
"17336958","xxx blue",0.0170394514215946
"1583907","i like to sit on blue",0.016643435095488
"2076795","i'll be uh i'm gonna be red i'm gonna blue",0.0164694532593136
"17676754","yer blue",0.0158815946949109
"2317562","too red too dotty too blue too spotty",0.0157229685793838
"2318525","too red too dotty too blue too spotty",0.0157229685793838
"2318838","too red too dotty too blue too spotty",0.0157229685793838
"1587460","mommy there's blue",0.0156774028386554
"1787896","i grover the sailor will sail the ocean blue i want a sea captain's hat",0.0146473807023154
"1780778","there went your blue one",0.0144869321181216
"17272456","let's get the blue",0.0144406265731846
"1558894","okay put the blue one right there",0.0142727293564631
"2858960","can't i do anything until i get another blue",0.0139419855444398
"17695767","xxx red or the blue",0.0136314749220997
"17697832","yeah ya have a terrible black and blue",0.0133910884259921
"1224821","who's getting blue",0.0132772742349189
"17585882","she took off the blue sticky tape that was on your arm",0.0127423346231505
"1094348","after a while baby bear crept out and went to investigate a round blue oh",0.0120640455830313
"768785","xxx could i have a blue",0.0115006160600676
"363953","this blue one",0.0112044741202468
"2877785","this blue one",0.0112044741202468
"2547579","blue disc",0.0111152227114867
"1573854","where's the where's blue",0.0110262860107349
"17689658","oh you want mommy to take the blue",0.0103592071293866
"17584838","the words fire truck are in blue",0.00953035114028022
"17523718","another blue one okay",0.00889010808888197
"2171780","going after the big blue one",0.00805217619758311
"17728403","do you wanna use this one or you wanna xxx use the blue one",0.0078501520366927
"1777244","put your blue one right here",0.00783327680906509
"1213027","oh there's a blue one xxx",0.00777053346590961
"1066853","xxx blue already",0.00743028030962906
"17638232","there's no opposite of blue",0.00718449364741103
"17402367","the blue's xxx",0.0069734704842192
"1095026","next was the long dark mountain tunnel and the trestle bridge which spanned the glassy blue sky blue lake",0.00695995297795932
"1156165","blue xxx",0.00679002682777058
"1712897","blue xxx",0.00679002682777058
"17489409","ah that's so sweet snuffy said brenda blue",0.0067256192080927
"746855","no go to blue",0.00644753677369475
"1733923","look for the blue one",0.00636105380167723
"2178988","find the big blue one",0.00591912167123143
"1725387","push down the blue one",0.00582505128778865
"17357170","blue x right",0.00573997875346299
"1740625","blue no there",0.005007102571916
"749041","xxx when this one fits into here the green one fits into the blue one and the blue one goes into the yellow one",0.00457362468698358
"1709132","this one's the blue",0.00443253921252768
"17279609","okay the blue one here's the blue one okay",0.00346833442369704
"17374525","disappeared into the blue",0.00330249155396167
"2077543","ross are you blue",0.00325283806222038
"2372867","blue one should go to danny and andrew",0.00321113250497868
"17380307","look at all of the different things blue is going to do at today at school",0.00281652732657517
"993536","lips turned blue",0.00247798883547817
"460530","look at this blue one",0.00221748920177989
"2301432","the box i hide in is blue and square",0.00204982253058461
"933969","the goat is happy when the sky is blue",0.00175427327038791
"510694","i don't have blue you're blue",0.00148208756502172
"17584559","that one with the blue",0.00140594406837991
"579752","gimme blue",0.00138260514418848
"1708486","find another blue one and we'll make a road",0.000977986262097108
"728731","and when i get blue i xxx a green",0.000901365358111028
"368029","out_of the blue",0.000861946069086406
"17705287","now move me to blue",0.000797772245076489
"910730","blue one goes there",0.000601692917222452
