"ambiguous_word","id","gloss","role_category","gloss_lower"
"rotten",319754,"that's the old rotten boyfriend Scott","MOT","that's the old rotten boyfriend scott"
"pride",326890,"he has no pride","MOT","he has no pride"
"rotten",353148,"a rotten chicken","OTH_A","a rotten chicken"
"alarm",366679,"here's an alarm clock","MOT","here's an alarm clock"
"odd",368924,"snaps is odd except that all baby uh uh t+shirts have snaps on so they're introduced to snaps very early","MOT","snaps is odd except that all baby uh uh t+shirts have snaps on so they're introduced to snaps very early"
"odd",375262,"that's a kitty cat kind of an odd looking one but","OTH_A","that's a kitty cat kind of an odd looking one but"
"alarm",380069,"does it have an alarm","OTH_A","does it have an alarm"
"alarm",380084,"is it an alarm clock","OTH_A","is it an alarm clock"
"alarm",398076,"as_soon_as the alarm rang","OTH_A","as_soon_as the alarm rang"
"alarm",398089,"see there's the alarm going beep bee bee beep bing bing","OTH_A","see there's the alarm going beep bee bee beep bing bing"
"crushed",399277,"big rocks were put into the rock crusher to be crushed into smaller stones","OTH_A","big rocks were put into the rock crusher to be crushed into smaller stones"
"odd",543852,"there are lots a odd there are lets of odd gloves","MOT","there are lots a odd there are lets of odd gloves"
"crushed",553554,"crushed it","OTH_C","crushed it"
"faint",554853,"I'm gonna faint","SIB","i'm gonna faint"
"odd",578861,"odd and even","OTH_C","odd and even"
"odd",578921,"odd and even","OTH_C","odd and even"
"odd",578942,"odd and even","ADT","odd and even"
"odd",581304,"okay we have eleven boys is that a odd or a even number","ADT","okay we have eleven boys is that a odd or a even number"
"odd",581337,"how can you show me if that's odd or even","ADT","how can you show me if that's odd or even"
"odd",581396,"you don't remember how we show odd an even","ADT","you don't remember how we show odd an even"
"odd",581421,"Everet would you please tell me if it's odd or even","ADT","everet would you please tell me if it's odd or even"
"odd",581460,"odd","OTH_C","odd"
"odd",581510,"odd","OTH_C","odd"
"odd",581543,"how do you know it's odd honey","ADT","how do you know it's odd honey"
"odd",581729,"right you can't do anything eleven is a odd number","ADT","right you can't do anything eleven is a odd number"
"odd",581822,"the number of children that is absent the number of children that are absent is that odd or even","ADT","the number of children that is absent the number of children that are absent is that odd or even"
"odd",581847,"odd","OTH_A","odd"
"odd",581928,"is this number odd or even","ADT","is this number odd or even"
"odd",582476,"okay odd or even number of girls here","ADT","okay odd or even number of girls here"
"odd",582494,"odd","OTH_C","odd"
"odd",582616,"odd also","ADT","odd also"
"odd",582933,"that means that the total number of girls in class is odd or even","ADT","that means that the total number of girls in class is odd or even"
"odd",582957,"odd","OTH_A","odd"
"odd",583045,"how about the total number of boys odd or even","ADT","how about the total number of boys odd or even"
"odd",583141,"who thinks the total number of boys is odd","ADT","who thinks the total number of boys is odd"
"odd",583194,"total number of boys odd or even","ADT","total number of boys odd or even"
"odd",583214,"odd","OTH_C","odd"
"odd",584481,"xxx odd and even","OTH_C","xxx odd and even"
"odd",584505,"xxx taught us odd and even","ADT","xxx taught us odd and even"
"odd",584559,"odd","OTH_C","odd"
"odd",584734,"ah odd","OTH_C","ah odd"
"odd",590998,"that's de odd dis is the even","MOT","that's de odd dis is the even"
"alarm",593627,"when the alarm rings everybody who is up there now comes down","ADT","when the alarm rings everybody who is up there now comes down"
"tender",613922,"too haven't had ear+rings on in a while xxx the ear is tender","MOT","too haven't had ear+rings on in a while xxx the ear is tender"
"odd",629928,"xxx no grandma not Graeme Graeme Joe that is an odd spelling","MOT","xxx no grandma not graeme graeme joe that is an odd spelling"
"pride",638819,"my pride of my xxx","FAT","my pride of my xxx"
"rotten",641652,"this is sort of rotten","MOT","this is sort of rotten"
"faint",643331,"twenty though course I faint if I said Philip you didn't hafta go that far I appreciate Peter","MOT","twenty though course i faint if i said philip you didn't hafta go that far i appreciate peter"
"ill",655033,"Ill","SIB","ill"
"ill",655851,"Ill who wants them","SIB","ill who wants them"
"odd",658670,"Melissa you know you are an odd ball so you know you shouldn't","FAT","melissa you know you are an odd ball so you know you shouldn't"
"odd",664948,"preretarded odd ball","SIB","preretarded odd ball"
"odd",665055,"preretarded odd odd ball","SIB","preretarded odd odd ball"
"odd",665068,"odd ball","SIB","odd ball"
"faint",666780,"you might hafta faint","SIB","you might hafta faint"
"odd",670460,"preretarded odd ball","SIB","preretarded odd ball"
"rotten",670657,"it tastes rotten","SIB","it tastes rotten"
"ill",670714,"no siree ill","SIB","no siree ill"
"odd",673482,"she's seventeen and some odd months","SIB","she's seventeen and some odd months"
"ill",673511,"everyday the movie would pop up you're ill","SIB","everyday the movie would pop up you're ill"
"alarm",690964,"it turns off the alarm","OTH_A","it turns off the alarm"
"alarm",713866,"this a alarm clock","OTH_C","this a alarm clock"
"meek",721196,"hello meek","ADT","hello meek"
"meek",722887,"meek too","ADT","meek too"
"meek",723617,"meek come on and do some drawing","ADT","meek come on and do some drawing"
"meek",724008,"what about you meek","ADT","what about you meek"
"rotten",725518,"you have a rotten cold","MOT","you have a rotten cold"
"meek",725953,"meek why don't you try this one the one that Tony was was working on","ADT","meek why don't you try this one the one that tony was was working on"
"meek",726048,"meek do you wanna come and have some ice cream","ADT","meek do you wanna come and have some ice cream"
"rotten",740823,"last one in the water is a rotten egg","OTH_A","last one in the water is a rotten egg"
"ill",749108,"someone must be taken ill","MOT","someone must be taken ill"
"rotten",749197,"you rotten kid","MOT","you rotten kid"
"alarm",757388,"because usually some mornings I don't you know like I I the alarm goes off and I sleep right through it forget about it","MOT","because usually some mornings i don't you know like i i the alarm goes off and i sleep right through it forget about it"
"meek",766691,"Mort Meek eating","MOT","mort meek eating"
"meek",766726,"that's Mort Meek eating his ship ahoy cookies","MOT","that's mort meek eating his ship ahoy cookies"
"meek",766787,"and then into a nearby telephone goes this guy Mort Meek","MOT","and then into a nearby telephone goes this guy mort meek"
"meek",767297,"I did that that's Morton Meek sitting down","MOT","i did that that's morton meek sitting down"
"meek",768852,"Mort Meek","MOT","mort meek"
"rotten",782544,"a little rotten spot","MOT","a little rotten spot"
"pride",786119,"Mister and Missus Mallard were bursting with pride","MOT","mister and missus mallard were bursting with pride"
"rotten",799146,"if you're not a cop I'll call you a rotten egg","OTH_C","if you're not a cop i'll call you a rotten egg"
"alarm",799649,"you slept so late you did not hear Daddy's alarm","FAT","you slept so late you did not hear daddy's alarm"
"alarm",805576,"who rang the fire alarm","SIB","who rang the fire alarm"
"alarm",805591,"it's a false alarm I think","OTH_A","it's a false alarm i think"
"rotten",817613,"are you a dirty rotten pig or a dirty nice pig","OTH_A","are you a dirty rotten pig or a dirty nice pig"
"crushed",819179,"my feelings are just crushed","OTH_A","my feelings are just crushed"
"alarm",890954,"put the alarm on okay","MOT","put the alarm on okay"
"alarm",890981,"okay now shall I be the alarm clock","MOT","okay now shall i be the alarm clock"
"alarm",900469,"now remember to wait for the alarm","MOT","now remember to wait for the alarm"
"alarm",900477,"you play until you hear the alarm goes off","MOT","you play until you hear the alarm goes off"
"alarm",900531,"before the alarm what are you gonna do","MOT","before the alarm what are you gonna do"
"faint",946715,"man I'm getting ready to faint","MOT","man i'm getting ready to faint"
"faint",946754,"no I said that I'm getting ready to faint","MOT","no i said that i'm getting ready to faint"
"odd",993639,"and as he recalls we pay some thirty odd dollars in repair in work just to get it fixed","FAT","and as he recalls we pay some thirty odd dollars in repair in work just to get it fixed"
"ill",1006772,"you think that would make me look sick and ill","MOT","you think that would make me look sick and ill"
"rotten",1013853,"what a rotten deal I got stuck with","MOT","what a rotten deal i got stuck with"
"alarm",1038600,"oh I better stop the alarm","OTH_A","oh i better stop the alarm"
"ill",1049666,"we got ill and old right","OTH_A","we got ill and old right"
"ill",1071050,"we're remembering that he's cold and ill","OTH_A","we're remembering that he's cold and ill"
"ill",1071062,"cold and ill","OTH_A","cold and ill"
"ill",1071078,"very very cold and ill","OTH_A","very very cold and ill"
"ill",1071107,"very very ill","OTH_A","very very ill"
"alarm",1078956,"my alarm clock is set to go off in the morning","MOT","my alarm clock is set to go off in the morning"
"gloomy",1083121,"besides winter is so gloomy thought Big Bird","MOT","besides winter is so gloomy thought big bird"
"rotten",1104561,"yeah xxx spoiled rotten little baby","OTH_A","yeah xxx spoiled rotten little baby"
"tender",1110743,"well they'll both be nice and tender on the inside","MOT","well they'll both be nice and tender on the inside"
"rotten",1116399,"the ones we had in there were went bad they were rotten","MOT","the ones we had in there were went bad they were rotten"
"rotten",1118456,"oh you rotten egg","SIB","oh you rotten egg"
"rotten",1118463,"right I'm gonna be in a rotten egg right","SIB","right i'm gonna be in a rotten egg right"
"rotten",1118471,"no you're not gonna be a rotten egg Eric's gonna be a rotten egg","MOT","no you're not gonna be a rotten egg eric's gonna be a rotten egg"
"rotten",1118489,"I'm gonna be a rotten egg","SIB","i'm gonna be a rotten egg"
"rotten",1118510,"he's gonna be the rotten egg","MOT","he's gonna be the rotten egg"
"rotten",1118531,"Eric's gonna be a rotten egg","SIB","eric's gonna be a rotten egg"
"rotten",1118541,"rotten egg","MOT","rotten egg"
"rotten",1118549,"rotten egg","SIB","rotten egg"
"faint",1146203,"faint","MOT","faint"
"gloomy",1161295,"he looked very gloom and gloomy","MOT","he looked very gloom and gloomy"
"rotten",1170963,"they all jumped out of rotten a potato","MOT","they all jumped out of rotten a potato"
"rotten",1171011,"the butcher the baker the candle+stick maker they all jumped out of a rotten potato twas enough to make a man stare","MOT","the butcher the baker the candle+stick maker they all jumped out of a rotten potato twas enough to make a man stare"
"rotten",1180280,"rotten apple","SIB","rotten apple"
"alarm",1182355,"he trotted over to Plum Tree Farm but the wise owl hooted his alarm","MOT","he trotted over to plum tree farm but the wise owl hooted his alarm"
"alarm",1195141,"I'm gonna get you an alarm clock","MOT","i'm gonna get you an alarm clock"
"tender",1195511,"this is very tender","FAT","this is very tender"
"tender",1195520,"is it tender","MOT","is it tender"
"odd",1266039,"it it was in some sort of odd odd spaghetti and something casserole","OTH_A","it it was in some sort of odd odd spaghetti and something casserole"
"tender",1270695,"put it in with that the meat and make the meat nice and tender nice and soft and tasty doesn't it","MOT","put it in with that the meat and make the meat nice and tender nice and soft and tasty doesn't it"
"tender",1275169,"the meat is tender","SIB","the meat is tender"
"tender",1289804,"well that's good it might be tender","MOT","well that's good it might be tender"
"ill",1331893,"making you ill","FAT","making you ill"
"ill",1331902,"well then you don't hafta eat it if it's making you ill","MOT","well then you don't hafta eat it if it's making you ill"
"pride",1336655,"I got pride","ADT","i got pride"
"pride",1336667,"what's pride","MOT","what's pride"
"tender",1339572,"tender heart","SIB","tender heart"
"crushed",1372102,"it's a crushed piece of coal isn't it","MOT","it's a crushed piece of coal isn't it"
"rotten",1383259,"you rotten piece of egg","SIB","you rotten piece of egg"
"alarm",1404749,"he didn't set his alarm","MOT","he didn't set his alarm"
"odd",1438454,"and um the the end of the lobster looks kinda odd a little bit I don't know how to you know it","MOT","and um the the end of the lobster looks kinda odd a little bit i don't know how to you know it"
"odd",1456906,"very uh um kind of an odd cartoon maybe","MOT","very uh um kind of an odd cartoon maybe"
"odd",1458011,"two to hold and go back so it kinda looks odd","MOT","two to hold and go back so it kinda looks odd"
"pride",1463291,"I mean I mean I know they kinda have their pride","MOT","i mean i mean i know they kinda have their pride"
"pride",1463302,"they're kind of out there protecting and growing and growing the pride and grow and defending it","MOT","they're kind of out there protecting and growing and growing the pride and grow and defending it"
"ill",1468506,"which we just had a big bout of um actual just a few days after my baby was born my Firstname was really ill with the stomach flu and my husband was ill with the stomach flu so we had a lot of saltines in the house","MOT","which we just had a big bout of um actual just a few days after my baby was born my firstname was really ill with the stomach flu and my husband was ill with the stomach flu so we had a lot of saltines in the house"
"rotten",1470798,"make banana bread with rotten bananas","MOT","make banana bread with rotten bananas"
"tender",1470876,"these things are just you know the leaves are tender","MOT","these things are just you know the leaves are tender"
"tender",1470881,"everything's tender","MOT","everything's tender"
"rotten",1476204,"looks like it's a little rotten","MOT","looks like it's a little rotten"
"pride",1477609,"um she has a lot of pride","MOT","um she has a lot of pride"
"odd",1477736,"so they look a little bit odd","MOT","so they look a little bit odd"
"tender",1478498,"um it's kinda deceptive because it's really like porcupiney and rough on the outside but it's really sweet and tender on the inside","MOT","um it's kinda deceptive because it's really like porcupiney and rough on the outside but it's really sweet and tender on the inside"
"ill",1479532,"um reminds me of our ill fated trip to Mexico last February when our little Firstname who's one got a terrible double ear infection and we had to take him to a","MOT","um reminds me of our ill fated trip to mexico last february when our little firstname who's one got a terrible double ear infection and we had to take him to a"
"rotten",1487282,"uh ever since I was little I always thought it smelled rotten and tasted rotten","MOT","uh ever since i was little i always thought it smelled rotten and tasted rotten"
"odd",1491850,"almost not proportion though the way it's standing it's kinda odd","MOT","almost not proportion though the way it's standing it's kinda odd"
"odd",1492446,"looks kinda odd","MOT","looks kinda odd"
"odd",1504646,"odd choices there","MOT","odd choices there"
"odd",1504746,"isn't that odd","MOT","isn't that odd"
"odd",1504828,"which is odd for me because I'm like a big fan of salt","MOT","which is odd for me because i'm like a big fan of salt"
"odd",1507783,"looks like a female which is kind of odd in our society","MOT","looks like a female which is kind of odd in our society"
"odd",1507797,"what an odd thing to have remind you of your grandma but lobster you know because that's what we always got when we went to see her","MOT","what an odd thing to have remind you of your grandma but lobster you know because that's what we always got when we went to see her"
"pride",1509406,"um looks as though you know the area is well grown so she probably you know takes pride in keeping things looking nice","MOT","um looks as though you know the area is well grown so she probably you know takes pride in keeping things looking nice"
"crushed",1513079,"I don't think they do because the girls are so much weaker than the boys they could get crushed","MOT","i don't think they do because the girls are so much weaker than the boys they could get crushed"
"odd",1513593,"that looks kind of odd","MOT","that looks kind of odd"
"odd",1516144,"those look kinda odd","MOT","those look kinda odd"
"odd",1520108,"this one's kinda an odd shape","MOT","this one's kinda an odd shape"
"odd",1520172,"it's um got an odd shape","MOT","it's um got an odd shape"
"odd",1521941,"he's got very odd eyebrows","MOT","he's got very odd eyebrows"
"tender",1522329,"because it tastes it is more um tender to eat","MOT","because it tastes it is more um tender to eat"
"odd",1526837,"although it's kind of an odd picture","MOT","although it's kind of an odd picture"
"odd",1526990,"but it doesn't look like he's pointing it at the fire so that's odd","MOT","but it doesn't look like he's pointing it at the fire so that's odd"
"odd",1529600,"that's odd","MOT","that's odd"
"odd",1534672,"and kind of an odd posture","MOT","and kind of an odd posture"
"odd",1539931,"unless it's just along the dirt but it looks like an odd place for the tree to grow","MOT","unless it's just along the dirt but it looks like an odd place for the tree to grow"
"rotten",1541063,"in fact I just found a rotten one under ourneath fishtank","MOT","in fact i just found a rotten one under ourneath fishtank"
"odd",1541834,"it's a really odd mark on his chest","MOT","it's a really odd mark on his chest"
"odd",1545547,"fairly Odd Parents","MOT","fairly odd parents"
"odd",1547160,"um that seems odd that he's looking this way not at the fire","MOT","um that seems odd that he's looking this way not at the fire"
"ill",1550136,"um the doctor doesn't look real concerned so maybe she's not real real ill","MOT","um the doctor doesn't look real concerned so maybe she's not real real ill"
"gloomy",1555931,"this time of year because it's so gloomy","MOT","this time of year because it's so gloomy"
"gloomy",1555993,"so just you know this kinda gloomy time of year leading to you know maybe spring or something but yeah","MOT","so just you know this kinda gloomy time of year leading to you know maybe spring or something but yeah"
"gloomy",1560492,"happier happier things rather than than gloomy stuff so","MOT","happier happier things rather than than gloomy stuff so"
"crushed",1562329,"you'd never know it wasn't crushed pineapple","MOT","you'd never know it wasn't crushed pineapple"
"odd",1563228,"the leaves seem odd","MOT","the leaves seem odd"
"odd",1563314,"it just seems very odd they way the leaves are around it","MOT","it just seems very odd they way the leaves are around it"
"meek",1565414,"too meek","MOT","too meek"
"odd",1567252,"So that parts a little odd","MOT","so that parts a little odd"
"odd",1567909,"it just seems odd to me that he's smoking a pipe","MOT","it just seems odd to me that he's smoking a pipe"
"odd",1567928,"I don't know why but that association seems odd to me","MOT","i don't know why but that association seems odd to me"
"odd",1569065,"His legs really look odd","MOT","his legs really look odd"
"crushed",1569701,"um in Frankenmuth at the Frankenmuth Brewery you can get hot pretzels with mustard butter like butter with like mustard seed crushed in it","MOT","um in frankenmuth at the frankenmuth brewery you can get hot pretzels with mustard butter like butter with like mustard seed crushed in it"
"odd",1571522,"which I think is sort of odd for a four year old","MOT","which i think is sort of odd for a four year old"
"alarm",1574994,"it's the fire or smoke alarm","MOT","it's the fire or smoke alarm"
"rotten",1724663,"he's having orange rinds yuck rotten eggs burned bacon and stale bread crumbs","MOT","he's having orange rinds yuck rotten eggs burned bacon and stale bread crumbs"
"rotten",1733024,"ole rotten puppy","MOT","ole rotten puppy"
"tender",1733271,"you are so tender headed","MOT","you are so tender headed"
"rotten",1743442,"you're so rotten","MOT","you're so rotten"
"alarm",1799720,"so when the fire alarm rings it will be ready to go to the fire","MOT","so when the fire alarm rings it will be ready to go to the fire"
"odd",1897872,"it's odd","MOT","it's odd"
"alarm",1900188,"jumping out of bed and catching the alarm clock","MOT","jumping out of bed and catching the alarm clock"
"ill",1951185,"the star ballerina is ill and cannot dance tonight","MOT","the star ballerina is ill and cannot dance tonight"
"pride",1952745,"and of course that's Donny's pride and joy you know that she can do push+ups","MOT","and of course that's donny's pride and joy you know that she can do push+ups"
"faint",1954822,"you're gonna faint","MOT","you're gonna faint"
"faint",1954834,"well what's well tell me what you're gonna faint about first","MOT","well what's well tell me what you're gonna faint about first"
"rotten",1970985,"tell daddy it's a rotten deal","MOT","tell daddy it's a rotten deal"
"rotten",2001924,"but Ross Mommy didn't say raw she said if the strings get rotten","FAT","but ross mommy didn't say raw she said if the strings get rotten"
"rotten",2042892,"oh what a rotten little boy","FAT","oh what a rotten little boy"
"rotten",2042927,"what a rotten little boy","FAT","what a rotten little boy"
"rotten",2042961,"what a rotten little boy what a rotten little boy we should give him a spanking shouldn't we Mark","FAT","what a rotten little boy what a rotten little boy we should give him a spanking shouldn't we mark"
"rotten",2051697,"he gets a cut in the bottom of his foot right boy it sounds really rotten","FAT","he gets a cut in the bottom of his foot right boy it sounds really rotten"
"rotten",2052177,"it wasn't something really rotten eh","FAT","it wasn't something really rotten eh"
"rotten",2052260,"I hate it when kids do things that are really rotten","FAT","i hate it when kids do things that are really rotten"
"rotten",2055194,"and they're all rotten","FAT","and they're all rotten"
"rotten",2055386,"Ross said he was a did anyone ever tell you you were a rotten ba an istenem baba","FAT","ross said he was a did anyone ever tell you you were a rotten ba an istenem baba"
"rotten",2055427,"did you really mean that I was rotten","FAT","did you really mean that i was rotten"
"rotten",2055975,"all the rotten bodies","FAT","all the rotten bodies"
"rotten",2056072,"xxx those rotten toys","FAT","xxx those rotten toys"
"rotten",2056162,"pretty rotten","FAT","pretty rotten"
"rotten",2056193,"big rotten Dracula","FAT","big rotten dracula"
"rotten",2061308,"you mean do rotten stuff and steal stuff","FAT","you mean do rotten stuff and steal stuff"
"rotten",2065633,"but look how rotten he is","FAT","but look how rotten he is"
"rotten",2065813,"that was rotten Mark","FAT","that was rotten mark"
"rotten",2076216,"it's really rotten right","FAT","it's really rotten right"
"rotten",2076561,"really rotten brother right","FAT","really rotten brother right"
"rotten",2076830,"that's pretty rotten","FAT","that's pretty rotten"
"rotten",2078829,"rotten thing for him to say isn't it","FAT","rotten thing for him to say isn't it"
"rotten",2079116,"mm that's rotten","FAT","mm that's rotten"
"tender",2134420,"that picks up the tender","MOT","that picks up the tender"
"tender",2134467,"that leans over off the bridge and picks up the tender out_of the coal barge","MOT","that leans over off the bridge and picks up the tender out_of the coal barge"
"odd",2145584,"which is an odd thing for you to do baby","MOT","which is an odd thing for you to do baby"
"tender",2155854,"it has a genter tender nose","MOT","it has a genter tender nose"
"alarm",2164162,"is that their smoke alarm going off Dillon","MOT","is that their smoke alarm going off dillon"
"alarm",2164174,"their smoke alarm is going off","MOT","their smoke alarm is going off"
"odd",2166605,"it's a weird odd shape isn't it","MOT","it's a weird odd shape isn't it"
"gloomy",2242059,"it's gloomy donkey Eeyore","MOT","it's gloomy donkey eeyore"
"gloomy",2244715,"just a kinda gloomy day out huh","MOT","just a kinda gloomy day out huh"
"gloomy",2244730,"a gloomy day out","MOT","a gloomy day out"
"alarm",2256612,"she got her alarm set for twelve o'clock in the daytime","MOT","she got her alarm set for twelve o'clock in the daytime"
"alarm",2291706,"was it a false alarm","MOT","was it a false alarm"
"ill",2291926,"the boy became ill one day","MOT","the boy became ill one day"
"rotten",2299477,"because your butt is rotten","MOT","because your butt is rotten"
"alarm",2334440,"last time something turned out to be part of the alarm+clock","MOT","last time something turned out to be part of the alarm+clock"
"ill",2356751,"that's an ill fated cup of coffee","MOT","that's an ill fated cup of coffee"
"odd",2357234,"taking odd","SIB","taking odd"
"alarm",2357931,"we're gonna hafta set the alarm clock tomorrow","MOT","we're gonna hafta set the alarm clock tomorrow"
"pride",2392796,"it was sad because of his pride Jwww","MOT","it was sad because of his pride jwww"
"pride",2392803,"what was his pride","SIB","what was his pride"
"tender",2431239,"a black tender","MOT","a black tender"
"ill",2466550,"ill show you how you take it off","MOT","ill show you how you take it off"
"ill",2470172,"ill fix that","MOT","ill fix that"
"ill",2474124,"ill take it","MOT","ill take it"
"ill",2474768,"ill give Aislinn some egg","MOT","ill give aislinn some egg"
"ill",2494664,"ill try","MOT","ill try"
"ill",2499398,"you pull it and ill pull it","MOT","you pull it and ill pull it"
"ill",2499425,"you pull and ill pull","MOT","you pull and ill pull"
"ill",2500241,"ill hold it","MOT","ill hold it"
"ill",2500263,"sit on mommys lap and ill read it to you","MOT","sit on mommys lap and ill read it to you"
"ill",2502391,"ill bet you its in here","MOT","ill bet you its in here"
"ill",2502978,"ill bet you can do it like this","MOT","ill bet you can do it like this"
"ill",2505945,"ill get it","MOT","ill get it"
"ill",2508377,"ill bet you it will fit in there","MOT","ill bet you it will fit in there"
"alarm",2517757,"yep we were in the pool and the alarm went whoop whoop whoop","MOT","yep we were in the pool and the alarm went whoop whoop whoop"
"alarm",2523103,"when does the smoke alarm go off","MOT","when does the smoke alarm go off"
"alarm",2523362,"what is mommy doing when the smoke alarm goes off","MOT","what is mommy doing when the smoke alarm goes off"
"alarm",2523404,"what was mommy doing when the smoke alarm went off","MOT","what was mommy doing when the smoke alarm went off"
"alarm",2523494,"what was mommy doing when when the smoke alarm goes off","MOT","what was mommy doing when when the smoke alarm goes off"
"alarm",2523591,"what is mommy doing when the smoke alarm goes off","MOT","what is mommy doing when the smoke alarm goes off"
"alarm",2523642,"I thought that's when the smoke alarm went off when mommy was cooking","MOT","i thought that's when the smoke alarm went off when mommy was cooking"
"odd",2575441,"we have an odd person at our house","MOT","we have an odd person at our house"
"odd",2575454,"who's the odd person","MOT","who's the odd person"
"odd",2575511,"old person or odd person","MOT","old person or odd person"
"odd",2575536,"odd person okay","MOT","odd person okay"
"odd",2575565,"odd ottoman","MOT","odd ottoman"
"odd",2575589,"I know what does odd mean","MOT","i know what does odd mean"
"odd",2575613,"what's odd mean","MOT","what's odd mean"
"odd",2579033,"her does have very big feet it's kinda odd isn't it and strange","MOT","her does have very big feet it's kinda odd isn't it and strange"
"odd",2602494,"xxx I know I always thought that that was very odd actually","MOT","xxx i know i always thought that that was very odd actually"
"alarm",2622082,"fire alarm","FAT","fire alarm"
"ill",2660311,"okay ill keep reading and you keep playing","MOT","okay ill keep reading and you keep playing"
"ill",2721096,"ill read","MOT","ill read"
"ill",2786354,"okay ill put the bee right here","MOT","okay ill put the bee right here"
"ill",2792014,"oh ill put him in the bowl","MOT","oh ill put him in the bowl"
"ill",2792272,"okay ill put the bowl over here","MOT","okay ill put the bowl over here"
"odd",2815642,"um which I thought was odd because he doesn't really play with stuffed animals at home","MOT","um which i thought was odd because he doesn't really play with stuffed animals at home"
"alarm",2817723,"and um she has like a set of keys that have like an alarm button on them","MOT","and um she has like a set of keys that have like an alarm button on them"
"odd",2824508,"I thought it was odd how he was sitting still the whole time at home he never sits still","MOT","i thought it was odd how he was sitting still the whole time at home he never sits still"
"odd",2826951,"yeah we have some odd ones in here don't we","OTH_A","yeah we have some odd ones in here don't we"
"odd",2829779,"she doesn't like spaghetti which I think is odd","MOT","she doesn't like spaghetti which i think is odd"
"odd",2837529,"it's kinda odd that they design toys like this","OTH_A","it's kinda odd that they design toys like this"
"ill",2871702,"let me see ill tell you if it's triple","FAT","let me see ill tell you if it's triple"
"rotten",2888671,"r is for rotten rubbers","MOT","r is for rotten rubbers"
"pride",2889001,"land of the pilgrim's pride","MOT","land of the pilgrim's pride"
"alarm",2895336,"that's the um that's the alarm","MOT","that's the um that's the alarm"
"alarm",2895452,"well it's the alarm went","MOT","well it's the alarm went"
"alarm",2895465,"the alarm went","MOT","the alarm went"
"alarm",2895485,"yeah but the alarm went","MOT","yeah but the alarm went"
"alarm",2896076,"listen we hafta hurry and read this book because your alarm already went off","MOT","listen we hafta hurry and read this book because your alarm already went off"
"crushed",2904176,"it was crushed by Dingo's car","FAT","it was crushed by dingo's car"
"crushed",2918880,"it was crushed by Dingo's car","FAT","it was crushed by dingo's car"
"alarm",2935384,"that's the that's the alarm","MOT","that's the that's the alarm"
"alarm",2935497,"well the alarm went","MOT","well the alarm went"
"alarm",2935531,"yeah but the alarm went","MOT","yeah but the alarm went"
"alarm",2936166,"listen we hafta hurry and read this book cuz your alarm already went off","MOT","listen we hafta hurry and read this book cuz your alarm already went off"
"faint",17271738,"she's about ready to faint","MOT","she's about ready to faint"
"crushed",17272071,"oh look what you xxx did you crushed your cracker","MOT","oh look what you xxx did you crushed your cracker"
"crushed",17272277,"you crushed your cookie","MOT","you crushed your cookie"
"odd",17287014,"well and there are only forty some odd","ADT","well and there are only forty some odd"
"alarm",17287281,"I hear an alarm clock","MOT","i hear an alarm clock"
"faint",17327658,"well she was a young girl and in J_C_Penney I thought she was gonna faint","MOT","well she was a young girl and in j_c_penney i thought she was gonna faint"
"alarm",17345515,"yes okay so let's get the bell for the alarm clock","MOT","yes okay so let's get the bell for the alarm clock"
"tender",17359815,"caboose too big we need the little train we need the tender","MOT","caboose too big we need the little train we need the tender"
"crushed",17363655,"I crushed it","MOT","i crushed it"
"crushed",17363695,"I crushed it","MOT","i crushed it"
"tender",17364967,"the tender car is a coal car","MOT","the tender car is a coal car"
"tender",17364981,"tender car carries coal","MOT","tender car carries coal"
"tender",17365619,"can he pick up the tender car with all the coal you think","MOT","can he pick up the tender car with all the coal you think"
"tender",17365855,"xxx pick up the tender car","MOT","xxx pick up the tender car"
"tender",17366154,"here goes the tender","MOT","here goes the tender"
"tender",17367245,"there's a tender up there yeah","MOT","there's a tender up there yeah"
"tender",17367276,"I see Douglas' tender","MOT","i see douglas' tender"
"tender",17368021,"coal car yeah coal is in the tender car","MOT","coal car yeah coal is in the tender car"
"tender",17369139,"and I think that must be his tender huh you think that's his tender","MOT","and i think that must be his tender huh you think that's his tender"
"tender",17369189,"that must be his tender","MOT","that must be his tender"
"tender",17371117,"were Douglas and his tender taking a little nap","MOT","were douglas and his tender taking a little nap"
"tender",17371751,"she pushed James's tender outta the way","MOT","she pushed james's tender outta the way"
"tender",17381174,"dyou think he shares his tender","MOT","dyou think he shares his tender"
"tender",17381338,"here's his tender and there's the coal","MOT","here's his tender and there's the coal"
"tender",17382307,"because this is Gordon's tender","MOT","because this is gordon's tender"
"tender",17382874,"tender","MOT","tender"
"tender",17401036,"whoa he ran away without his tender car","MOT","whoa he ran away without his tender car"
"tender",17401847,"he forgot his tender","MOT","he forgot his tender"
"pride",17434914,"he would also take great pride in pointing out the artistic features of certain pieces of Greek sculpture","MOT","he would also take great pride in pointing out the artistic features of certain pieces of greek sculpture"
"odd",17438120,"something very odd seemed to be going on inside the Punch and Judy tent","MOT","something very odd seemed to be going on inside the punch and judy tent"
"alarm",17443749,"that was Al he's coming to replace the batteries for the alarm","MOT","that was al he's coming to replace the batteries for the alarm"
"alarm",17447525,"I think it was a car alarm","MOT","i think it was a car alarm"
"alarm",17466051,"a fire alarm","MOT","a fire alarm"
"alarm",17466074,"they had a fire alarm at the supermarket","MOT","they had a fire alarm at the supermarket"
"alarm",17466102,"xxx you're going to bring a fire alarm into your car","MOT","xxx you're going to bring a fire alarm into your car"
"alarm",17466266,"when fire fighters hear the alarm they hafta move quickly","MOT","when fire fighters hear the alarm they hafta move quickly"
"pride",17472279,"it's called Pride rock","MOT","it's called pride rock"
"pride",17472324,"on this particular morning animals from all over the Pride lands had journeyed to Pride rock to honor the birth of their newborn cub Simba","MOT","on this particular morning animals from all over the pride lands had journeyed to pride rock to honor the birth of their newborn cub simba"
"pride",17473674,"not far from the ceremony in a cave at the back side of Pride rock a scraggly lion with a dark mane grumbled","MOT","not far from the ceremony in a cave at the back side of pride rock a scraggly lion with a dark mane grumbled"
"pride",17473895,"early one morning he and Mufasa climbed to the top of Pride rock","MOT","early one morning he and mufasa climbed to the top of pride rock"
"pride",17473918,"as they looked out at the rising sun Mufasa pointed to the light beams that stretched across the Pride lands","MOT","as they looked out at the rising sun mufasa pointed to the light beams that stretched across the pride lands"
"pride",17478501,"hey uncle Scar guess what I'm gonna be king of Pride land","MOT","hey uncle scar guess what i'm gonna be king of pride land"
"pride",17478522,"of Pride rock","MOT","of pride rock"
"pride",17478671,"Simba and Nala raced across the Pride lands in an effort to lose the watchful bird","MOT","simba and nala raced across the pride lands in an effort to lose the watchful bird"
"pride",17478794,"we're way beyond the boundary of the Pride lands he said","MOT","we're way beyond the boundary of the pride lands he said"
"alarm",17479376,"when the moon rose and saw them warming themselves around the fire they had lit it shouted out an alarm","MOT","when the moon rose and saw them warming themselves around the fire they had lit it shouted out an alarm"
"pride",17481397,"this is Pride rock","MOT","this is pride rock"
"pride",17481477,"on this particular morning animals from all over the Pride lands had come to Pride rock to celebrate the birth of their newborn cub Simba","MOT","on this particular morning animals from all over the pride lands had come to pride rock to celebrate the birth of their newborn cub simba"
"crushed",17481706,"then he pushed the up and over button on his brand new power city rocker crushed dump truck","MOT","then he pushed the up and over button on his brand new power city rocker crushed dump truck"
"pride",17481725,"not far from the ceremony in a cave at the back side of Pride rock a scraggly lion with a dark mane grumbled life's not fair I shall never be king","MOT","not far from the ceremony in a cave at the back side of pride rock a scraggly lion with a dark mane grumbled life's not fair i shall never be king"
"pride",17481843,"this is Pride rock","MOT","this is pride rock"
"pride",17481879,"on this particular morning animals from all over the Pride lands had journeyed to Pride rock in honor","MOT","on this particular morning animals from all over the pride lands had journeyed to pride rock in honor"
"pride",17481936,"early one morning he and Mufasa climbed to the top of Pride rock","MOT","early one morning he and mufasa climbed to the top of pride rock"
"pride",17481951,"as they looked out at the rising sun Mufasa pointed to the light beams that stretched across the Pride lands","MOT","as they looked out at the rising sun mufasa pointed to the light beams that stretched across the pride lands"
"pride",17482017,"not far from the ceremony in a cave at the backside of Pride rock a scraggly lion with a dark mane grumbled life's not fair I shall never be king","MOT","not far from the ceremony in a cave at the backside of pride rock a scraggly lion with a dark mane grumbled life's not fair i shall never be king"
"pride",17482101,"early one morning he and Mufasa climbed to the top of Pride rock","MOT","early one morning he and mufasa climbed to the top of pride rock"
"pride",17482117,"as they looked out at the rising sun Mufasa pointed to the light beams that stretched across the Pride lands","MOT","as they looked out at the rising sun mufasa pointed to the light beams that stretched across the pride lands"
"pride",17482138,"hey uncle Scar guess what I'm gonna be king of Pride rock","MOT","hey uncle scar guess what i'm gonna be king of pride rock"
"pride",17482196,"hey uncle Scar guess what I'm going to be king of Pride rock my dad showed me the whole kingdom","MOT","hey uncle scar guess what i'm going to be king of pride rock my dad showed me the whole kingdom"
"pride",17482307,"Simba and Nala raced across the Pride lands in an effort to lose the watchful bird","MOT","simba and nala raced across the pride lands in an effort to lose the watchful bird"
"pride",17482323,"we're way beyond the boundary of Pride rock","MOT","we're way beyond the boundary of pride rock"
"pride",17482344,"of the Pride lands said Nala","MOT","of the pride lands said nala"
"pride",17482431,"we're way beyond the boundary of the Pride lands and right now we are all in very real danger","MOT","we're way beyond the boundary of the pride lands and right now we are all in very real danger"
"pride",17482889,"Scar returned to Pride rock to take over the throne","MOT","scar returned to pride rock to take over the throne"
"pride",17483320,"well their home is back in the Pride lands but right now they're just looking at the ah at the stars right","MOT","well their home is back in the pride lands but right now they're just looking at the ah at the stars right"
"pride",17484096,"Scar returned to Pride rock to take over the throne","MOT","scar returned to pride rock to take over the throne"
"pride",17484422,"why didn't you come back to Pride rock you're the king she said","MOT","why didn't you come back to pride rock you're the king she said"
"pride",17484450,"Simba he let the hyenas take over the Pride lands there's no food or water and if you don't come back soon everyone will be in trouble you're our only hope","MOT","simba he let the hyenas take over the pride lands there's no food or water and if you don't come back soon everyone will be in trouble you're our only hope"
"pride",17484732,"why didn't you come back to Pride rock she asked you are the king","MOT","why didn't you come back to pride rock she asked you are the king"
"pride",17484762,"Simba he let the hyenas take over the Pride lands there's no food or and no water","MOT","simba he let the hyenas take over the pride lands there's no food or and no water"
"pride",17484852,"when Simba arrived back at Pride rock he found the land bare and dry","MOT","when simba arrived back at pride rock he found the land bare and dry"
"pride",17484856,"encouraged by his father's words Simba returned to Pride rock","MOT","encouraged by his father's words simba returned to pride rock"
"pride",17484888,"suddenly a flash of lightning revealed the edge of Pride rock and there stood Simba","MOT","suddenly a flash of lightning revealed the edge of pride rock and there stood simba"
"pride",17484919,"suddenly a flash of lightning revealed the edge of Pride rock and there stood Simba","MOT","suddenly a flash of lightning revealed the edge of pride rock and there stood simba"
"pride",17484967,"limping badly Simba climbed to the top of Pride rock","MOT","limping badly simba climbed to the top of pride rock"
"pride",17484991,"before long Pride rock flourished again","MOT","before long pride rock flourished again"
"pride",17485088,"limping badly Simba climbed to the top of pride rock and let out a magnificent roar as he looked out over his kingdom","MOT","limping badly simba climbed to the top of pride rock and let out a magnificent roar as he looked out over his kingdom"
"pride",17485106,"before long Pride rock flourished again Nala remained by Simba's side and soon they had they had their own newborn cub","MOT","before long pride rock flourished again nala remained by simba's side and soon they had they had their own newborn cub"
"faint",17489208,"Toot was startled by a tinkling jingling sound as he peered into the dark he saw a faint light coming toward him","MOT","toot was startled by a tinkling jingling sound as he peered into the dark he saw a faint light coming toward him"
"rotten",17490267,"byebye old rotten green beans","MOT","byebye old rotten green beans"
"rotten",17494747,"water's filled with hydrogen sulfide a chemical that smells like rotten eggs","MOT","water's filled with hydrogen sulfide a chemical that smells like rotten eggs"
"crushed",17501726,"I was crushed Eric was going to marry Vanessa","MOT","i was crushed eric was going to marry vanessa"
"odd",17512577,"can you find the person I wanna play the odd game I wanna play the odd I wanna play the odd game","MOT","can you find the person i wanna play the odd game i wanna play the odd i wanna play the odd game"
"odd",17516705,"odd person","MOT","odd person"
"odd",17516732,"oh the person to play the odd game with","MOT","oh the person to play the odd game with"
"odd",17516744,"the odd game is only played with a little person","MOT","the odd game is only played with a little person"
"odd",17524422,"odd are you an odd person","MOT","odd are you an odd person"
"odd",17524578,"odd game","MOT","odd game"
"odd",17524592,"oh you like playing an odd game","MOT","oh you like playing an odd game"
"odd",17529103,"odd person","MOT","odd person"
"odd",17529114,"I'm not so sure I'm up to playing the odd game with you","MOT","i'm not so sure i'm up to playing the odd game with you"
"odd",17532831,"here's the odd person","MOT","here's the odd person"
"rotten",17533126,"well because it's um sulfur smells like rotten eggs","MOT","well because it's um sulfur smells like rotten eggs"
"odd",17537369,"the person is the person you use for playing the odd game and here's another person","MOT","the person is the person you use for playing the odd game and here's another person"
"odd",17537397,"Daddy called it the odd game","MOT","daddy called it the odd game"
"gloomy",17545451,"in order to say how do you do in a gloomy manner to him","MOT","in order to say how do you do in a gloomy manner to him"
"gloomy",17545507,"gloomy","MOT","gloomy"
"gloomy",17545531,"gloomy xxx","MOT","gloomy xxx"
"pride",17549637,"pride","MOT","pride"
"pride",17549649,"the baby horse's name was pride","MOT","the baby horse's name was pride"
"pride",17549854,"at first the loud noise frightens pride and her playmates","ADT","at first the loud noise frightens pride and her playmates"
"pride",17550457,"yeah mother horse and pride her baby daughter","ADT","yeah mother horse and pride her baby daughter"
"pride",17550468,"pride was born on the early","ADT","pride was born on the early"
"gloomy",17550975,"Eeyore's very gloomy","MOT","eeyore's very gloomy"
"rotten",17558015,"oh_my_goodness there's some rotten yucky stuff in this refrigerator","MOT","oh_my_goodness there's some rotten yucky stuff in this refrigerator"
"rotten",17558091,"well there was a cucumber that was rotten basically","MOT","well there was a cucumber that was rotten basically"
"rotten",17558107,"I had to throw out a rotten cucumber","MOT","i had to throw out a rotten cucumber"
"gloomy",17583768,"xxx Eeyore's gloomy place","MOT","xxx eeyore's gloomy place"
"rotten",17585252,"oh this green pepper feels rotten","MOT","oh this green pepper feels rotten"
"rotten",17585334,"I said it was feeling a little bit rotten","MOT","i said it was feeling a little bit rotten"
"rotten",17586160,"rotten","MOT","rotten"
"rotten",17586345,"and which ones are rotten","MOT","and which ones are rotten"
"rotten",17586358,"how many teeth are rotten","MOT","how many teeth are rotten"
"rotten",17586386,"are there only certain ones that are rotten","MOT","are there only certain ones that are rotten"
"rotten",17586498,"cavity is a hole in your tooth that you get when your teeth are really rotten","MOT","cavity is a hole in your tooth that you get when your teeth are really rotten"
"rotten",17587024,"yes oh yes I see that rotten tooth right there","MOT","yes oh yes i see that rotten tooth right there"
"rotten",17587129,"if it's really rotten we might hafta pull it out but I don't think it's that bad","MOT","if it's really rotten we might hafta pull it out but i don't think it's that bad"
"alarm",17627112,"daddy's alarm keeps going off huh","MOT","daddy's alarm keeps going off huh"
"alarm",17627298,"your alarm's going off","MOT","your alarm's going off"
"tender",17647110,"as soon as snowy is able to eat father and mother owl feed him tender bits they have stored nearby","MOT","as soon as snowy is able to eat father and mother owl feed him tender bits they have stored nearby"
"tender",17665649,"he lost his coal tender","MOT","he lost his coal tender"
"odd",17699852,"well this is odd","MOT","well this is odd"
"pride",17703741,"Mr and Mrs Mallard were bursting with pride","MOT","mr and mrs mallard were bursting with pride"
